ID,TITLE,DESCRIPTION,DURATION,STATUS,DATE PUBLISHED,KEYWORDS,VIDIQ SCORE,VIEWS,YT LIKES,YT COMMENTS,DESC LINK COUNT,DESC WORD COUNT,CREATOR SUGGESTED,ENGAGEMENT RATE
zyxUBykVyDI,Delete the element if frequency is greater than half the size of array Malayalam || FUMIGATION,Write a program to count the frequency of each element of an array. Delete the element if frequency is greater than half the size of array   Delete the element if frequency is greater than half the size of array Malayalam || FUMIGATION   00:00 INTRO  0:30 Logic  1:00 Method One  6:50 Method Two  10:50 Its Summary 11:50 Method Three 14:30 Summary  Doubt Or Suggestions Or Feedback Telegram Group https://t.me/+1TkrJPL9jsZlMmZl,15:21,public,21/10/2024,"Delete the element if frequency is greater than half the size of array Malayalam || FUMIGATION, Write a program to count the frequency of each element of an array., array frequency, array functions, counting elements, frequency count, frequency counter",18.13318235807536,66,1,0,1,68,0,1
Y3jvbyL4Ug8,sort an array in descending order to the left from middle and remaining part will be ascending order,Write a program in C to sort an array in descending order to the left from middle and in ascending order to the right from middle Malayalam || FUMIGATION  00:00 INTRO  0:10 Logic Of Que 2:10 First Half  3:23 Second Half  5:00 Summary,06:23,public,21/10/2024,"Write a program in C to sort an array in descending orde, array sorting c, ascending array, ascending order to the right from middle, code examples, descending sort, fumigation, fumigation methods, fumigation techniques, malayalam, middle sort, sort an array in descending order to the left from middle and remaining part will be ascending order",17.34407914057398,55,4,0,0,43,0,3
pqMJV5Hh3yc,Special Pattern Question Desiccation Malayalam || FUMIGATION,Special Pattern Question Desiccation Malayalam || FUMIGATION   00:00 INTRO  0:30 Code of Half Pyramidal  1:30  Step one  5:25 Step Two 7:25 Summary,09:18,public,20/10/2024,"Special Pattern Question Desiccation Malayalam || FUMIGATION, fumigation practices, fumigation strategies, fumigation techniques, question desiccation, question fumigation, structural fumigation",17.93183977049975,63,1,0,0,22,0,1
PsVOm6ZSOhg,Three Methods Of Frequency or Count Of Array Elements In an Array Malayalam || FUMIGATION,Three Methods Of Frequency Of Array Elements In an Array Malayalam Frequency Of Array Elements || FUMIGATION   00:00 INTRO Frequency of Elements  1:30 Method One 11:40 It's Summary  13:50 Method Two  21:25 It's Summary  23:55 It's Method Implement Not get Array Form User  27:53 Method  Three || Simple Way 🧠 38:15 It's Summary    Doubt Or Suggestions Or Feedback Telegram Group https://t.me/+1TkrJPL9jsZlMmZl,40:42,public,20/10/2024,"Frequency Of Array Elements, Three Methods Of Frequency Of Array Elements In an Array, Three Methods Of Frequency Of Array Elements In an Array Malayalam || FUMIGATION, array counting, array frequencies, count array, count elements, element occurrence, frequency analysis, frequency array, frequency array methods, frequency counting",20.897352853986263,125,2,0,1,61,0,1
iohpiKU9tgA,Find the element that appears more than n/2 times in the array  Malayalam || FUMIGATION,Find the element that appears more than n/2 times in the array  Malayalam || FUMIGATION  00:00 INTRO  1:30 Method one 5:20 Method Two  7:30 Method Three  8:55 Additional Step and More Imp  11:35 Summary  13:30 My doubt Please Commend bellow this solution  or shear telegram group    Doubt Or Suggestions Or Feedback Telegram Group https://t.me/+1TkrJPL9jsZlMmZl,13:56,public,20/10/2024,Find the element that appears more than n/2 times in the array Malayalam || FUMIGATION,18.509775004326936,72,1,0,1,54,0,1
ro2zmbhMl5M,Diamond Number Pattern Using 3 or 2 For Loop Malayalam || FUMIGATION,Diamond Number Pattern Using 3 or 2 For Loop Malayalam || FUMIGATION   00:00 INTRO  0:30 Logic of This Question  1:00 Using Three For Loop  4:30 Implement Using Two For Loop 7:10 Summary,08:36,public,18/10/2024,"Diamond Number Pattern Using 3 or 2 For Loop Malayalam || FUMIGATION, code snippets, fumigation techniques",15.965784284662089,40,1,0,0,32,0,2
B2WvPsjbGsI,Pattern Question Desiccation Malayalam || FUMIGATION,Pattern Question Desiccation Malayalam || FUMIGATION   00:00 INTRO  0:10 Logic Of This Question  0:50 Step 1 Code  4:40 Step 2 Code 9:00 Summary,09:54,public,18/10/2024,"Pattern Question Desiccation Malayalam || FUMIGATION, fumigation techniques, structural fumigation",16.07265601385425,41,2,0,0,23,0,2
TVNy0r7YyMY,Right Arrow Pattern 2 or 3 For Loop Using Malayalam || FUMIGATION,"Right Arrow Pattern 2 or 3 For Loop Using Malayalam || FUMIGATION    00:00 INTRO  0:25 Logic , Table & Formula 9:45  Its Code Using 3 For Loop  11:10 Its Code Implement 2 For Loop Using    Doubt Or Suggestions Or Feedback Group https://t.me/+1TkrJPL9jsZlMmZl",14:38,public,17/10/2024,"Right Arrow Pattern 2 or 3 For Loop Using Malayalam || FUMIGATION, for loop malayalam, right arrow pattern",14.101319154423276,26,1,0,1,42,0,2
HsVoBku-TDE,Count of Prime Numbers & Even Or Odd Numbers In an Array Malayalam || FUMIGATION,Count of Prime Numbers & Even Or Odd Numbers In an Array Malayalam || FUMIGATION   00:00 INTRO  0:55  Negative Numbers Even Or Odd Or Non of This above ? 2:35 Count of Prime Numbers & Even Numbers In an Array  6:00 Count of Prime Numbers & Odd Numbers In an Array   Doubt Or Suggestions Or Feedback Group https://t.me/+1TkrJPL9jsZlMmZl,07:25,public,17/10/2024,"Count of Prime Numbers u0026 Even Numbers In an Array, Count of Prime Numbers u0026 Even Or Odd Numbers In an Array Malayalam || FUMIGATION, Count of Prime Numbers u0026 Odd Numbers In an Array, fumigation techniques, prime array",18.325573370334507,69,1,0,1,58,0,1
a5u_fMjTnoY,Left Arrow Pattern Question Desiccation Malayalam || FUMIGATION,"Left Arrow Pattern Question Desiccation Malayalam || FUMIGATION   00:00 INTRO  1:55 Logic, Table & Steps  15:30 Its Code  19:20 Summary  Doubt Or Suggestions Or Feedback Group https://t.me/+1TkrJPL9jsZlMmZl",20:49,public,17/10/2024,Left Arrow Pattern Question Desiccation Malayalam || FUMIGATION,14.720671786825555,30,1,0,1,27,0,2